Your Title,Title-Level,Gender,Location,City,Global Region,Current Tenure,Was your previous role a CISO / Head of Security position?,Current Company Size,Industry,Company Structure,Title of person you report to?,Compensation Currency,Base-Converted,Bonus-Converted,Equity-Converted,Total Comp-Converted,Which of the following functions fall under your direct responsibility and decision-making authority?,Team Size,How often do you present to the Board of Directors?,Did your most recent employment offer include a hiring bonus?,Amount of employment offer bonus?,Employment Bonus - Converted,Have you pre-negotiated a severance agreement as part of your employment?,Are you currently included in the following?,Do you have a negotiated accelerated vesting clause / early termination agreement?,Are you currently on a Board of Directors?,Are you currently on a Board of Advisors?,Are you compensated for your Advisor role?,What is the primary measure you use to justify your security budget requirements?,Do you have a personal liability insurance policy in place?,"When it comes to AI security, which area do you believe should receive the highest spending priority within the CISO's security program?",How would you rate your organization's current maturity in the area of AI governance and risk management?,What percentage of your organization's overall annual information security budget do you plan to allocate to AI security?,Which aspect of AI governance and risk management poses the greatest challenge for your organization today?,What are your greatest concerns regarding AI tools in your organization?,Which AI risk management or governance frameworks is your organization currently using or planning to adopt?,Which attack vectors are your organization's highest security priorities for 2026?,"How confident are you in your internal team's capability to evaluate and verify technical depth, leadership, and domain fit when sourcing security candidates?",Which trade-offs make hiring a security leader most difficult or costly for your organization?,Is your organization planning / considering on hiring a dedicated AI Security Leader,Record_Type,Role_Bucket,Company
Chief Information Officer,CIO,Male,"New York, NY, USA",NYC Metro,North America,91,No,< 250 employees,Financial Services,Government / Municipality,CEO,USD (U.S. Dollar),"$375,000","$67,881",,"$442,881",,,,,,,,,,,,,,,,,,,,,,,,,Synthetic,CIO,City of New York
Chief Information Officer,CIO,Female,"Houston, TX, USA",Houston,North America,22,Yes,1000 - 4999 employees,Healthcare,Government / Municipality,Chief Technology Officer,USD (U.S. Dollar),"$426,645",,,"$426,645",,,,,,,,,,,,,,,,,,,,,,,,,Synthetic,CIO,Texas Department of Information Resources
Chief Information Officer,CIO,Male,"Kansas City, MO, USA",Kansas City,North America,2,Yes,250 - 499 employees,BioTech,Government / Municipality,CEO,USD (U.S. Dollar),"$426,645","$143,170",$0,"$569,815",,,,,,,,,,,,,,,,,,,,,,,,,Synthetic,CIO,U.S. Department of Defense
Chief Information Officer,CIO,Male,"Dallas, TX, USA",Dallas,North America,39,Yes,500 - 999 employees,Artificial Intelligence (AI),Government / Municipality,CEO,USD (U.S. Dollar),"$375,000",$0,$0,"$375,000",,,,,,,,,,,,,,,,,,,,,,,,,Synthetic,CIO,Cook County
CIO,CIO,Male,"Los Angeles, CA, USA",Los Angeles,North America,40,No,500 - 999 employees,Education,Government / Municipality,CEO,USD (U.S. Dollar),"$426,645",$0,$0,"$426,645",,,,,,,,,,,,,,,,,,,,,,,,,Synthetic,CIO,U.S. Department of Energy
Chief Information Officer,CIO,Male,"Dallas, TX, USA",Dallas,North America,25,No,"5000 - 9,999 employees",HealthTech,Government / Municipality,Chief Information Officer,USD (U.S. Dollar),"$426,645","$287,244",$0,"$713,889",,,,,,,,,,,,,,,,,,,,,,,,,Synthetic,CIO,City of New York
Chief Information Officer,CIO,Male,"Chicago, IL, USA",Chicago,North America,12,Yes,"5000 - 9,999 employees",Logistics / Transportation,Government / Municipality,Chief Information Officer,USD (U.S. Dollar),"$426,645",$0,$0,"$426,645",,,,,,,,,,,,,,,,,,,,,,,,,Synthetic,CIO,State of Florida
Chief Information Officer,CIO,Male,"Austin, TX, USA",Austin,North America,36,No,< 250 employees,Telecommunications,Non-Profit,CEO,USD (U.S. Dollar),"$375,000",$0,,"$375,000",,,,,,,,,,,,,,,,,,,,,,,,,Synthetic,CIO,SANS Institute
Chief Information Officer,CIO,Male,"Philadelphia, PA, USA",Philadelphia,North America,52,Yes,< 250 employees,Enterprise Software,Non-Profit,CEO,USD (U.S. Dollar),"$375,000",,,"$375,000",,,,,,,,,,,,,,,,,,,,,,,,,Synthetic,CIO,ISACA
Chief Information Officer,CIO,Male,"Chicago, IL, USA",Chicago,North America,8,No,< 250 employees,Internet,Non-Profit,CEO,USD (U.S. Dollar),"$375,000",$0,,"$375,000",,,,,,,,,,,,,,,,,,,,,,,,,Synthetic,CIO,Smithsonian Institution
CIO,CIO,Male,"New York, NY, USA",NYC Metro,North America,5,Yes,< 250 employees,Banking / Financial Services,Non-Profit,CEO,USD (U.S. Dollar),"$450,000","$102,388",,"$552,388",,,,,,,,,,,,,,,,,,,,,,,,,Synthetic,CIO,Catholic Charities
CIO/CISO,CIO,Male,New York,NYC Metro,North America,192,No,< 250 employees,BioTech,Non-Profit,COO / President,USD (U.S. Dollar),"$769,444",,,"$769,444",,,,,,,,,,,,,,,,,,,,,,,,,Actual,CISO,
Chief Information Officer,CIO,Male,"Boston, MA, USA",Boston,North America,55,No,"10,000 - 25,000 employees",Professional Services,Non-Profit,Chief Information Officer,USD (U.S. Dollar),"$402,634","$85,166",,"$487,800",,,,,,,,,,,,,,,,,,,,,,,,,Synthetic,CIO,NYU
CIO,CIO,Male,"Annapolis/MD, USA",Annapolis/MD,North America,20,No,"10,000 - 25,000 employees",Insurance,Non-Profit,Chief Information Officer,USD (U.S. Dollar),"$450,000","$178,974",,"$628,974",,,,,,,,,,,,,,,,,,,,,,,,,Synthetic,CIO,Center for Internet Security
Chief Information Officer,CIO,Male,"New York, NY, USA",NYC Metro,North America,66,Yes,1000 - 4999 employees,Cloud Security,Non-Profit,Chief Information Officer,USD (U.S. Dollar),"$478,411","$85,205",,"$563,616",,,,,,,,,,,,,,,,,,,,,,,,,Synthetic,CIO,Center for Internet Security
Chief Information Officer,CIO,Male,"San Francisco, CA, USA",Bay Area,North America,6,Yes,1000 - 4999 employees,Consumer Software,Non-Profit,Chief Technology Officer,USD (U.S. Dollar),"$426,645","$120,659",,"$547,304",,,,,,,,,,,,,,,,,,,,,,,,,Synthetic,CIO,NYU
Chief Information Officer,CIO,Male,"Chicago, IL, USA",Chicago,North America,15,No,"25,000+ employees",Banking / Financial Services,Non-Profit,Chief Financial Officer,USD (U.S. Dollar),"$375,000",,,"$375,000",,,,,,,,,,,,,,,,,,,,,,,,,Synthetic,CIO,Johns Hopkins Medicine
CIO,CIO,Female,"Roanoke, USA",Roanoke,North America,49,No,"25,000+ employees",Healthcare,Non-Profit,Chief Information Officer,USD (U.S. Dollar),"$426,645",,"$444,471","$871,116",,,,,,,,,,,,,,,,,,,,,,,,,Synthetic,CIO,University of Michigan
CIO,CIO,Male,"Denver, CO, USA",Denver,North America,116,No,250 - 499 employees,Healthcare,Non-Profit,CEO,USD (U.S. Dollar),"$426,645","$77,697",$0,"$504,342",,,,,,,,,,,,,,,,,,,,,,,,,Synthetic,CIO,NYU
CIO,CIO,Male,"Los Angeles, CA, USA",Los Angeles,North America,82,No,500 - 999 employees,Education,Non-Profit,COO / President,USD (U.S. Dollar),"$426,645",$0,$0,"$426,645",,,,,,,,,,,,,,,,,,,,,,,,,Actual,CIO,
CIO,CIO,Male,Los Angeles,Los Angeles,North America,82,No,500 - 999 employees,Education,Non-Profit,COO / President,USD (U.S. Dollar),"$426,645",$0,$0,"$426,645",,,,,,,,,,,,,,,,,,,,,,,,,Actual,CIO,
Chief Information Officer,CIO,Male,"Charlotte, NC, USA",Charlotte,North America,36,No,"5000 - 9,999 employees",Insurance,Non-Profit,Chief Information Officer,USD (U.S. Dollar),"$426,645",$0,$0,"$426,645",,,,,,,,,,,,,,,,,,,,,,,,,Synthetic,CIO,ISC2
Chief Information Officer,CIO,Male,"New York, NY, USA",NYC Metro,North America,24,Yes,"5000 - 9,999 employees",Real Estate,Non-Profit,Chief Information Officer,USD (U.S. Dollar),"$325,000",$0,$0,"$325,000",,,,,,,,,,,,,,,,,,,,,,,,,Synthetic,CIO,Cleveland Clinic
Chief Information Officer,CIO,Male,"San Francisco, CA, USA",Bay Area,North America,17,Yes,< 250 employees,Banking / Financial Services,Privately Held Company,CEO,USD (U.S. Dollar),"$400,000","$163,117","$444,471","$1,007,588",,,,,,,,,,,,,,,,,,,,,,,,,Synthetic,CIO,Wiz
Chief Information Officer,CIO,Male,"Tulsa, OK, USA",Tulsa,North America,58,Yes,< 250 employees,Enterprise Software,Privately Held Company,CEO,USD (U.S. Dollar),"$400,000",$0,"$800,000","$1,200,000",,,,,,,,,,,,,,,,,,,,,,,,,Synthetic,CIO,Recorded Future
Chief Information Officer,CIO,Male,"Baltimore, MD, USA",Baltimore,North America,6,No,< 250 employees,Cloud Security,Privately Held Company,CEO,USD (U.S. Dollar),"$400,000","$36,206","$526,970","$963,176",,,,,,,,,,,,,,,,,,,,,,,,,Synthetic,CIO,Hub International
Chief Information Officer,CIO,Male,"Austin, TX, USA",Austin,North America,42,Yes,< 250 employees,Banking / Financial Services,Privately Held Company,CEO,USD (U.S. Dollar),"$400,000","$305,559","$495,189","$1,200,748",,,,,,,,,,,,,,,,,,,,,,,,,Synthetic,CIO,CDW
Chief Information Officer,CIO,Male,"Dallas, TX, USA",Dallas,North America,63,No,< 250 employees,Insurance,Privately Held Company,CEO,USD (U.S. Dollar),"$402,634",,"$518,199","$920,833",,,,,,,,,,,,,,,,,,,,,,,,,Synthetic,CIO,At-Bay
Chief Information Officer,CIO,Male,"Las Vegas, NV, USA",Las Vegas,North America,29,Yes,< 250 employees,Banking / Financial Services,Privately Held Company,CEO,USD (U.S. Dollar),"$400,000",$0,"$774,905","$1,174,905",,,,,,,,,,,,,,,,,,,,,,,,,Synthetic,CIO,Devo
CIO,CIO,Male,"Hudson, USA",Hudson,North America,135,No,< 250 employees,Healthcare,Privately Held Company,CEO,USD (U.S. Dollar),"$400,000",$0,"$791,501","$1,191,501",,,,,,,,,,,,,,,,,,,,,,,,,Synthetic,CIO,Bugcrowd
Chief Information Officer,CIO,Male,"Los Angeles, CA, USA",Los Angeles,North America,14,Yes,"10,000 - 25,000 employees",Artificial Intelligence (AI),Privately Held Company,Chief Information Officer,USD (U.S. Dollar),"$375,000","$343,544","$1,032,000","$1,750,544",,,,,,,,,,,,,,,,,,,,,,,,,Synthetic,CIO,Rippling
Chief Information Officer,CIO,Female,"Washington, DC, USA",DMV,North America,48,No,"10,000 - 25,000 employees",Manufacturing,Privately Held Company,General Counsel / Chief Legal Officer,USD (U.S. Dollar),"$375,000",$0,"$810,363","$1,185,363",,,,,,,,,,,,,,,,,,,,,,,,,Synthetic,CIO,ThreatConnect
Chief Information Officer,CIO,Male,Remote,Remote,North America,60,Yes,"10,000 - 25,000 employees",Manufacturing,Privately Held Company,Chief Information Officer,USD (U.S. Dollar),"$375,000",$0,"$331,726","$706,726",,,,,,,,,,,,,,,,,,,,,,,,,Synthetic,CIO,Medidata
Chief Information Officer,CIO,Male,"Greensboro, NC, USA",Greensboro,North America,66,No,"10,000 - 25,000 employees",FinTech,Privately Held Company,Chief Technology Officer,USD (U.S. Dollar),"$375,000","$120,659","$541,508","$1,037,167",,,,,,,,,,,,,,,,,,,,,,,,,Synthetic,CIO,LogRhythm
Chief Information Officer,CIO,Male,"Nashville, TN, USA",Nashville,North America,4,Yes,"10,000 - 25,000 employees",Education,Privately Held Company,Chief Financial Officer,USD (U.S. Dollar),"$375,000","$116,641","$822,899","$1,314,540",,,,,,,,,,,,,,,,,,,,,,,,,Synthetic,CIO,Outreach
Chief Information Officer,CIO,Male,"Los Angeles, CA, USA",Los Angeles,North America,61,Yes,"10,000 - 25,000 employees",Utilities,Privately Held Company,Chief Information Officer,USD (U.S. Dollar),"$375,000","$359,397","$228,615","$963,012",,,,,,,,,,,,,,,,,,,,,,,,,Synthetic,CIO,Lockton
Chief Information Officer,CIO,Male,"Salt Lake City, UT, USA",Salt Lake City,North America,20,Yes,"10,000 - 25,000 employees",Education,Privately Held Company,General Counsel / Chief Legal Officer,USD (U.S. Dollar),"$375,000","$146,689","$1,490,397","$2,012,086",,,,,,,,,,,,,,,,,,,,,,,,,Synthetic,CIO,SHI International
Chief Information Officer,CIO,Male,"San Francisco, CA, USA",Bay Area,North America,48,Yes,"10,000 - 25,000 employees",Banking / Financial Services,Privately Held Company,Chief Information Officer,USD (U.S. Dollar),"$375,000","$171,107","$827,600","$1,373,707",,,,,,,,,,,,,,,,,,,,,,,,,Synthetic,CIO,Open Systems
Chief Information Officer,CIO,Male,"Milan, USA",Milan,North America,70,Yes,"10,000 - 25,000 employees",BioTech,Privately Held Company,Chief Financial Officer,USD (U.S. Dollar),"$375,000","$69,345","$2,347,598","$2,791,943",,,,,,,,,,,,,,,,,,,,,,,,,Synthetic,CIO,Tanium
Chief Information Officer,CIO,Female,"Orlando, USA",Orlando,North America,36,Yes,"10,000 - 25,000 employees",Government,Privately Held Company,Chief Financial Officer,USD (U.S. Dollar),"$375,000","$116,914","$822,899","$1,314,813",,,,,,,,,,,,,,,,,,,,,,,,,Synthetic,CIO,Rubrik
CIO,CIO,Male,"Salt Lake City, UT, USA",Salt Lake City,North America,72,Yes,"10,000 - 25,000 employees",Broadcasting / Media,Privately Held Company,Chief Financial Officer,USD (U.S. Dollar),"$375,000",,"$794,971","$1,169,971",,,,,,,,,,,,,,,,,,,,,,,,,Synthetic,CIO,TrustArc
Chief Information Officer,CIO,Male,"San Francisco, CA, USA",Bay Area,North America,10,No,1000 - 4999 employees,Education,Privately Held Company,Chief Technology Officer,USD (U.S. Dollar),"$375,000","$346,501","$822,899","$1,544,400",,,,,,,,,,,,,,,,,,,,,,,,,Synthetic,CIO,Gong
Chief Information Officer,CIO,Male,"Minneapolis, MN, USA",Minneapolis,North America,60,Yes,1000 - 4999 employees,Insurance,Privately Held Company,Chief Technology Officer,USD (U.S. Dollar),"$375,000","$161,023","$905,801","$1,441,824",,,,,,,,,,,,,,,,,,,,,,,,,Synthetic,CIO,SHI International
Chief Information Officer,CIO,Male,"Kansas City, MO, USA",Kansas City,North America,5,No,1000 - 4999 employees,Retail,Privately Held Company,Chief Financial Officer,USD (U.S. Dollar),"$375,000","$78,510","$749,121","$1,202,631",,,,,,,,,,,,,,,,,,,,,,,,,Synthetic,CIO,Outreach
Chief Information Officer,CIO,Male,"Miami, FL, USA",Miami,North America,55,No,1000 - 4999 employees,FinTech,Privately Held Company,Chief Financial Officer,USD (U.S. Dollar),"$375,000","$125,265","$1,847,189","$2,347,454",,,,,,,,,,,,,,,,,,,,,,,,,Synthetic,CIO,Spotnana
Chief Information Officer,CIO,Male,"San Diego, CA, USA",San Diego,North America,107,Yes,1000 - 4999 employees,Banking / Financial Services,Privately Held Company,Chief Technology Officer,USD (U.S. Dollar),"$375,000","$144,418","$1,600,168","$2,119,586",,,,,,,,,,,,,,,,,,,,,,,,,Synthetic,CIO,Acrisure
Chief Information Officer,CIO,Male,"Raleigh, NC, USA",Raleigh - Durham,North America,49,Yes,1000 - 4999 employees,FinTech,Privately Held Company,COO / President,USD (U.S. Dollar),"$375,000","$240,919","$682,054","$1,297,973",,,,,,,,,,,,,,,,,,,,,,,,,Synthetic,CIO,Resilience Cyber Insurance
Chief Information Officer,CIO,Male,"Seattle, WA, USA",Seattle,North America,71,Yes,1000 - 4999 employees,Enterprise Software,Privately Held Company,Chief Information Officer,USD (U.S. Dollar),"$375,000","$85,205","$485,798","$946,003",,,,,,,,,,,,,,,,,,,,,,,,,Synthetic,CIO,SalesLoft
Chief Information Officer,CIO,Male,"Greensboro, NC, USA",Greensboro,North America,36,No,1000 - 4999 employees,Retail,Privately Held Company,Chief Information Officer,USD (U.S. Dollar),"$375,000",,"$822,899","$1,197,899",,,,,,,,,,,,,,,,,,,,,,,,,Synthetic,CIO,Medidata
Chief Information Officer,CIO,Male,"San Francisco, CA, USA",Bay Area,North America,21,No,1000 - 4999 employees,Industrial / Manufacturing,Privately Held Company,Chief Information Officer,USD (U.S. Dollar),"$375,000","$55,152","$771,733","$1,201,885",,,,,,,,,,,,,,,,,,,,,,,,,Synthetic,CIO,dbt Labs
Chief Information Officer,CIO,Male,"Nashville, TN, USA",Nashville,North America,24,Yes,1000 - 4999 employees,Financial Services,Privately Held Company,Chief Technology Officer,USD (U.S. Dollar),"$375,000","$87,413","$784,973","$1,247,386",,,,,,,,,,,,,,,,,,,,,,,,,Synthetic,CIO,Securonix
Chief Information Officer,CIO,Male,"Washington, DC, USA",DMV,North America,3,Yes,1000 - 4999 employees,Industrial / Manufacturing,Privately Held Company,Chief Technology Officer,USD (U.S. Dollar),"$375,000","$247,569","$984,209","$1,606,778",,,,,,,,,,,,,,,,,,,,,,,,,Synthetic,CIO,Clari
Chief Information Officer,CIO,Male,"Seattle, WA, USA",Seattle,North America,6,Yes,1000 - 4999 employees,Banking / Financial Services,Privately Held Company,Chief Information Officer,USD (U.S. Dollar),"$375,000","$202,596","$822,899","$1,400,495",,,,,,,,,,,,,,,,,,,,,,,,,Synthetic,CIO,Evolent Health
CIO,CIO,Male,"Tysons, va ,USA",DMV,North America,16,Yes,1000 - 4999 employees,Government,Privately Held Company,Other,USD (U.S. Dollar),"$375,000","$220,321","$822,899","$1,418,220",,,,,,,,,,,,,,,,,,,,,,,,,Actual,CIO,
CIO,CIO,Female,New York,NYC Metro,North America,84,No,1000 - 4999 employees,Education,Privately Held Company,CEO,USD (U.S. Dollar),"$375,000","$134,823","$1,623,377","$2,133,200",,,,,,,,,,,,,,,,,,,,,,,,,Actual,CIO,
CIO,CIO,Male,"Austin, TX, USA",Austin,North America,14,Yes,1000 - 4999 employees,Food & Beverage,Privately Held Company,Chief Technology Officer,USD (U.S. Dollar),"$375,000","$84,812","$766,848","$1,226,660",,,,,,,,,,,,,,,,,,,,,,,,,Synthetic,CIO,OneTrust
CIO,CIO,Female,"San Francisco, CA, USA",Bay Area,North America,29,Yes,1000 - 4999 employees,FinTech,Privately Held Company,Chief Financial Officer,USD (U.S. Dollar),"$375,000","$157,093","$569,146","$1,101,239",,,,,,,,,,,,,,,,,,,,,,,,,Synthetic,CIO,Veracode
CIO,CIO,Male,"Washington, DC, USA",DMV,North America,9,Yes,1000 - 4999 employees,Industrial / Manufacturing,Privately Held Company,Chief Technology Officer,USD (U.S. Dollar),"$375,000","$85,205","$748,771","$1,208,976",,,,,,,,,,,,,,,,,,,,,,,,,Synthetic,CIO,Snyk
CIO,CIO,Male,"Seattle, WA, USA",Seattle,North America,69,No,1000 - 4999 employees,Enterprise Software,Privately Held Company,Chief Technology Officer,USD (U.S. Dollar),"$375,000",$0,"$1,892,731","$2,267,731",,,,,,,,,,,,,,,,,,,,,,,,,Synthetic,CIO,World Wide Technology
CIO / CISO,CIO,Male,"Boston, MA USA",Boston,North America,8,Yes,1000 - 4999 employees,Insurance,Privately Held Company,COO / President,USD (U.S. Dollar),"$375,000","$350,989","$1,186,501","$1,912,490",,,,,,,,,,,,,,,,,,,,,,,,,Actual,CISO,
CIO/CISO,CIO,Male,Salt Lake City / Utah / USA,Salt Lake City,North America,9,Yes,1000 - 4999 employees,Manufacturing,Privately Held Company,CEO,USD (U.S. Dollar),"$375,000","$310,990","$709,311","$1,395,301",,,,,,,,,,,,,,,,,,,,,,,,,Actual,CISO,
CIO/CISO,CIO,Male,"Pleasanton, CA, USA",Miami,North America,17,Yes,1000 - 4999 employees,Enterprise Software,Privately Held Company,CEO,USD (U.S. Dollar),"$375,000","$155,092","$735,332","$1,265,424",,,,,,,,,,,,,,,,,,,,,,,,,Actual,CISO,
Chief Information Officer,CIO,Male,"Chicago, IL, USA",Chicago,North America,8,Yes,"25,000+ employees",Artificial Intelligence (AI),Privately Held Company,Chief Information Officer,USD (U.S. Dollar),"$325,000","$162,468","$1,772,746","$2,260,214",,,,,,,,,,,,,,,,,,,,,,,,,Synthetic,CIO,Evolent Health
Chief Information Officer,CIO,Male,"Los Angeles, CA, USA",Los Angeles,North America,53,Yes,"25,000+ employees",Professional Services,Privately Held Company,Chief Information Officer,USD (U.S. Dollar),"$325,000","$248,918","$198,933","$772,851",,,,,,,,,,,,,,,,,,,,,,,,,Synthetic,CIO,Anomali
Chief Information Officer,CIO,Male,"Raleigh, NC, USA",Raleigh - Durham,North America,58,Yes,"25,000+ employees",Food & Beverage,Privately Held Company,Chief Financial Officer,USD (U.S. Dollar),"$325,000","$61,361","$604,098","$990,459",,,,,,,,,,,,,,,,,,,,,,,,,Synthetic,CIO,Ramp
Chief Information Officer,CIO,Male,"Chicago, IL, USA",Chicago,North America,62,Yes,"25,000+ employees",Financial Services,Privately Held Company,Chief Information Officer,USD (U.S. Dollar),"$325,000","$105,442","$619,663","$1,050,105",,,,,,,,,,,,,,,,,,,,,,,,,Synthetic,CIO,Bugcrowd
Chief Information Officer,CIO,Male,"Seattle, WA, USA",Seattle,North America,38,No,"25,000+ employees",Professional Services,Privately Held Company,General Counsel / Chief Legal Officer,USD (U.S. Dollar),"$325,000","$273,966","$1,133,379","$1,732,345",,,,,,,,,,,,,,,,,,,,,,,,,Synthetic,CIO,Tanium
CIO,CIO,Male,"San Francisco, CA, USA",Bay Area,North America,11,No,"25,000+ employees",Other,Privately Held Company,Chief Information Officer,USD (U.S. Dollar),"$325,000","$129,050","$178,809","$632,859",,,,,,,,,,,,,,,,,,,,,,,,,Synthetic,CIO,Open Systems
Chief Information Officer,CIO,Male,"Denver, CO, USA",Denver,North America,24,Yes,250 - 499 employees,Leisure / Hospitality,Privately Held Company,CEO,USD (U.S. Dollar),"$325,000","$61,361","$937,938","$1,324,299",,,,,,,,,,,,,,,,,,,,,,,,,Synthetic,CIO,Arctic Wolf
Chief Information Officer,CIO,Male,"Raleigh, NC, USA",Raleigh - Durham,North America,7,No,250 - 499 employees,FinTech,Privately Held Company,CEO,USD (U.S. Dollar),"$325,000","$89,235","$758,892","$1,173,127",,,,,,,,,,,,,,,,,,,,,,,,,Synthetic,CIO,Medidata
Chief Information Officer,CIO,Male,"Philadelphia, PA, USA",Philadelphia,North America,55,Yes,250 - 499 employees,Enterprise Software,Privately Held Company,CEO,USD (U.S. Dollar),"$325,000","$65,286","$773,560","$1,163,846",,,,,,,,,,,,,,,,,,,,,,,,,Synthetic,CIO,ReliaQuest
Chief Information Officer,CIO,Male,"San Francisco, CA, USA",Bay Area,North America,10,No,250 - 499 employees,Cloud Security,Privately Held Company,CEO,USD (U.S. Dollar),"$402,634","$124,942","$747,144","$1,274,720",,,,,,,,,,,,,,,,,,,,,,,,,Synthetic,CIO,Privia Health
Chief Information Officer,CIO,Female,"New York, NY, USA",NYC Metro,North America,72,No,250 - 499 employees,Healthcare,Privately Held Company,CEO,USD (U.S. Dollar),"$426,645","$166,241","$794,060","$1,386,946",,,,,,,,,,,,,,,,,,,,,,,,,Synthetic,CIO,Lockton
Chief Information Officer,CIO,Male,"Seattle, WA, USA",Seattle,North America,37,Yes,250 - 499 employees,Enterprise Software,Privately Held Company,CEO,USD (U.S. Dollar),"$450,146","$77,697","$147,109","$674,952",,,,,,,,,,,,,,,,,,,,,,,,,Synthetic,CIO,Fivetran
CIO,CIO,Male,"Los Angeles, CA, USA",Los Angeles,North America,43,No,250 - 499 employees,Insurance,Privately Held Company,CEO,USD (U.S. Dollar),"$426,645","$182,327","$663,007","$1,271,979",,,,,,,,,,,,,,,,,,,,,,,,,Synthetic,CIO,Veeva Systems
CIO,CIO,Male,"Austin, TX, USA",Austin,North America,24,No,250 - 499 employees,Energy,Privately Held Company,CEO,USD (U.S. Dollar),"$426,645","$152,399","$252,423","$831,467",,,,,,,,,,,,,,,,,,,,,,,,,Synthetic,CIO,Sumo Logic
Chief Information Officer,CIO,Male,"Raleigh, NC, USA",Raleigh - Durham,North America,35,Yes,500 - 999 employees,Banking / Financial Services,Privately Held Company,CEO,USD (U.S. Dollar),"$325,000","$150,449","$732,178","$1,207,627",,,,,,,,,,,,,,,,,,,,,,,,,Synthetic,CIO,Trace3
Chief Information Officer,CIO,Male,"San Francisco, CA, USA",Bay Area,North America,134,No,500 - 999 employees,Banking / Financial Services,Privately Held Company,CEO,USD (U.S. Dollar),"$325,000","$137,217","$775,837","$1,238,054",,,,,,,,,,,,,,,,,,,,,,,,,Synthetic,CIO,World Wide Technology
CIO,CIO,Male,"Los Angeles, CA, USA",Los Angeles,North America,60,Yes,500 - 999 employees,Telecommunications,Privately Held Company,CEO,USD (U.S. Dollar),"$426,645","$70,340","$981,157","$1,478,142",,,,,,,,,,,,,,,,,,,,,,,,,Synthetic,CIO,ThreatConnect
CIO,CIO,Male,"Seattle, WA, USA",Seattle,North America,62,No,500 - 999 employees,Industrial / Manufacturing,Privately Held Company,CEO,USD (U.S. Dollar),"$426,645","$88,657","$170,231","$685,533",,,,,,,,,,,,,,,,,,,,,,,,,Synthetic,CIO,Datto
Chief Information Officer,CIO,Male,"Salt Lake City, UT, USA",Salt Lake City,North America,30,No,"5000 - 9,999 employees",HealthTech,Privately Held Company,Chief Information Officer,USD (U.S. Dollar),"$325,000",$0,"$838,861","$1,163,861",,,,,,,,,,,,,,,,,,,,,,,,,Synthetic,CIO,World Wide Technology
Chief Information Officer,CIO,Male,"San Diego, CA, USA",San Diego,North America,12,Yes,"5000 - 9,999 employees",Big Data / Analytics,Privately Held Company,Chief Technology Officer,USD (U.S. Dollar),"$325,000","$182,327","$663,007","$1,170,334",,,,,,,,,,,,,,,,,,,,,,,,,Synthetic,CIO,Medidata
Chief Information Officer,CIO,Male,"Los Angeles, CA, USA",Los Angeles,North America,5,Yes,"5000 - 9,999 employees",Logistics / Transportation,Privately Held Company,Chief Information Officer,USD (U.S. Dollar),"$325,000","$156,138","$822,899","$1,304,037",,,,,,,,,,,,,,,,,,,,,,,,,Synthetic,CIO,HackerOne
Chief Information Officer,CIO,Male,"Salt Lake City, UT, USA",Salt Lake City,North America,9,No,"5000 - 9,999 employees",Financial Services,Privately Held Company,Chief Information Officer,USD (U.S. Dollar),"$325,000","$70,340","$775,393","$1,170,733",,,,,,,,,,,,,,,,,,,,,,,,,Synthetic,CIO,Wiz
CIO,CIO,Prefer not to answer,"Salt Lake City, UT, USA",Salt Lake City,North America,12,Yes,"5000 - 9,999 employees",Enterprise Software,Privately Held Company,COO / President,USD (U.S. Dollar),"$325,000","$125,457","$1,099,120","$1,549,577",,,,,,,,,,,,,,,,,,,,,,,,,Synthetic,CIO,Bugcrowd
Chief Information Officer,CIO,Male,"Charlotte, NC, USA",Charlotte,North America,63,No,< 250 employees,Utilities,Publicly Traded Company,CEO,USD (U.S. Dollar),"$400,000","$78,096","$952,051","$1,430,147",,,,,,,,,,,,,,,,,,,,,,,,,Synthetic,CIO,General Mills
CIO,CIO,Male,"Los Angeles, CA, USA",Los Angeles,North America,15,Yes,< 250 employees,Education,Publicly Traded Company,CEO,USD (U.S. Dollar),"$402,634","$78,096","$1,071,055","$1,551,785",,,,,,,,,,,,,,,,,,,,,,,,,Synthetic,CIO,Intel
CIO,CIO,Male,"Los Angeles, CA, USA",Los Angeles,North America,43,No,< 250 employees,Education,Publicly Traded Company,CEO,USD (U.S. Dollar),"$402,634","$78,096","$635,408","$1,116,138",,,,,,,,,,,,,,,,,,,,,,,,,Synthetic,CIO,Palo Alto Networks
CIO & CISO,CIO,Male,New York/NY/USA,NYC Metro,North America,120,Yes,< 250 employees,Financial Services,Publicly Traded Company,COO / President,USD (U.S. Dollar),"$450,000",$0,"$1,074,913","$1,524,913",,,,,,,,,,,,,,,,,,,,,,,,,Actual,CISO,
Chief Information Officer,CIO,Male,"Sacramento, USA",Sacramento,North America,1,No,"10,000 - 25,000 employees",Healthcare,Publicly Traded Company,Chief Information Officer,USD (U.S. Dollar),"$400,000","$120,659","$1,040,082","$1,560,741",,,,,,,,,,,,,,,,,,,,,,,,,Synthetic,CIO,Datadog
Chief Information Officer,CIO,Male,"Boston, MA, USA",Boston,North America,40,No,"10,000 - 25,000 employees",Financial Services,Publicly Traded Company,Chief Technology Officer,USD (U.S. Dollar),"$400,000","$61,361","$1,276,623","$1,737,984",,,,,,,,,,,,,,,,,,,,,,,,,Synthetic,CIO,Walmart
Chief Information Officer,CIO,Male,"Tulsa, OK, USA",Tulsa,North America,4,No,"10,000 - 25,000 employees",Real Estate,Publicly Traded Company,COO / President,USD (U.S. Dollar),"$375,000","$133,038","$677,141","$1,185,179",,,,,,,,,,,,,,,,,,,,,,,,,Synthetic,CIO,CyberArk
Chief Information Officer,CIO,Male,"Chicago, IL, USA",Chicago,North America,27,Yes,"10,000 - 25,000 employees",Internet,Publicly Traded Company,General Counsel / Chief Legal Officer,USD (U.S. Dollar),"$492,596","$114,537","$677,141","$1,284,274",,,,,,,,,,,,,,,,,,,,,,,,,Synthetic,CIO,ASML
Chief Information Officer,CIO,Male,"Salt Lake City, UT, USA",Salt Lake City,North America,56,Yes,"10,000 - 25,000 employees",Healthcare,Publicly Traded Company,Chief Technology Officer,USD (U.S. Dollar),"$375,000","$121,282","$1,286,211","$1,782,493",,,,,,,,,,,,,,,,,,,,,,,,,Synthetic,CIO,MGM Resorts
Chief Information Officer,CIO,Male,"San Francisco, CA, USA",Bay Area,North America,5,No,"10,000 - 25,000 employees",Cloud Infrastructure,Publicly Traded Company,Chief Financial Officer,USD (U.S. Dollar),"$450,000","$173,938","$677,141","$1,301,079",,,,,,,,,,,,,,,,,,,,,,,,,Synthetic,CIO,T-Mobile
Chief Information Officer,CIO,Male,"San Francisco, CA, USA",Bay Area,North America,21,No,"10,000 - 25,000 employees",Financial Services,Publicly Traded Company,Chief Financial Officer,USD (U.S. Dollar),"$426,645","$61,361","$1,268,361","$1,756,367",,,,,,,,,,,,,,,,,,,,,,,,,Synthetic,CIO,PayPal
Chief Information Officer,CIO,Male,"Atlanta, GA, USA",Atlanta,North America,28,Yes,"10,000 - 25,000 employees",Manufacturing,Publicly Traded Company,Chief Technology Officer,USD (U.S. Dollar),"$400,000","$137,333","$1,414,893","$1,952,226",,,,,,,,,,,,,,,,,,,,,,,,,Synthetic,CIO,Citigroup
CIO,CIO,Male,"New York, NY, USA",NYC Metro,North America,37,No,"10,000 - 25,000 employees",Healthcare,Publicly Traded Company,Chief Technology Officer,USD (U.S. Dollar),"$375,000","$129,920","$677,141","$1,182,061",,,,,,,,,,,,,,,,,,,,,,,,,Synthetic,CIO,Lam Research
Chief Information Officer,CIO,Male,"Boston, MA, USA",Boston,North America,24,No,1000 - 4999 employees,Retail,Publicly Traded Company,Chief Technology Officer,USD (U.S. Dollar),"$426,645","$264,711","$822,949","$1,514,305",,,,,,,,,,,,,,,,,,,,,,,,,Synthetic,CIO,Applied Materials
Chief Information Officer,CIO,Male,"Phoenix, AZ, USA",Phoenix,North America,8,Yes,1000 - 4999 employees,Financial Services,Publicly Traded Company,Chief Information Officer,USD (U.S. Dollar),"$375,000","$61,361","$1,015,326","$1,451,687",,,,,,,,,,,,,,,,,,,,,,,,,Synthetic,CIO,Cisco
Chief Information Officer,CIO,Male,"Milan, USA",Milan,North America,5,No,1000 - 4999 employees,Artificial Intelligence (AI),Publicly Traded Company,General Counsel / Chief Legal Officer,USD (U.S. Dollar),"$426,645","$164,215","$1,023,432","$1,614,292",,,,,,,,,,,,,,,,,,,,,,,,,Synthetic,CIO,Target
Chief Information Officer,CIO,Male,"San Francisco, CA, USA",Bay Area,North America,45,No,1000 - 4999 employees,HealthTech,Publicly Traded Company,Chief Information Officer,USD (U.S. Dollar),"$622,985","$313,199","$815,205","$1,751,389",,,,,,,,,,,,,,,,,,,,,,,,,Synthetic,CIO,ServiceNow
Chief Information Officer,CIO,Male,"Charlotte, NC, USA",Charlotte,North America,10,No,1000 - 4999 employees,Enterprise Software,Publicly Traded Company,Chief Technology Officer,USD (U.S. Dollar),"$576,349","$61,361","$1,575,332","$2,213,042",,,,,,,,,,,,,,,,,,,,,,,,,Synthetic,CIO,CVS Health
Chief Information Officer,CIO,Male,"San Francisco, CA, USA",Bay Area,North America,46,No,1000 - 4999 employees,Consumer Software,Publicly Traded Company,Chief Information Officer,USD (U.S. Dollar),"$375,000","$201,437","$867,502","$1,443,939",,,,,,,,,,,,,,,,,,,,,,,,,Synthetic,CIO,CommonSpirit Health
Chief Information Officer,CIO,Male,"Kansas City, MO, USA",Kansas City,North America,57,Yes,1000 - 4999 employees,Financial Services,Publicly Traded Company,Chief Information Officer,USD (U.S. Dollar),"$577,632","$61,361","$1,814,639","$2,453,632",,,,,,,,,,,,,,,,,,,,,,,,,Synthetic,CIO,Proofpoint
CIO,CIO,Male,"Atlanta, GA, USA",Atlanta,North America,41,No,1000 - 4999 employees,Industrial / Manufacturing,Publicly Traded Company,Chief Information Officer,USD (U.S. Dollar),"$426,645","$127,793","$924,871","$1,479,309",,,,,,,,,,,,,,,,,,,,,,,,,Synthetic,CIO,UPS
CIO,CIO,Male,"Seattle, WA, USA",Seattle,North America,18,No,1000 - 4999 employees,Cloud Security,Publicly Traded Company,COO / President,USD (U.S. Dollar),"$426,645","$135,459","$1,083,218","$1,645,322",,,,,,,,,,,,,,,,,,,,,,,,,Synthetic,CIO,Fidelity
Chief Information Officer,CIO,Male,"Paris, USA",Paris,North America,12,Yes,"25,000+ employees",Retail,Publicly Traded Company,Chief Technology Officer,USD (U.S. Dollar),"$426,645","$61,361","$1,065,505","$1,553,511",,,,,,,,,,,,,,,,,,,,,,,,,Synthetic,CIO,Fortinet
Chief Information Officer,CIO,Male,"Newark, USA",Newark,North America,59,No,"25,000+ employees",Leisure / Hospitality,Publicly Traded Company,Chief Technology Officer,USD (U.S. Dollar),"$426,645","$179,546","$1,153,362","$1,759,553",,,,,,,,,,,,,,,,,,,,,,,,,Synthetic,CIO,Applied Materials
Chief Information Officer,CIO,Male,"Houston, TX, USA",Houston,North America,54,No,"25,000+ employees",Telecommunications,Publicly Traded Company,Chief Technology Officer,USD (U.S. Dollar),"$400,000","$161,283","$1,109,463","$1,670,746",,,,,,,,,,,,,,,,,,,,,,,,,Synthetic,CIO,MGM Resorts
Chief Information Officer,CIO,Prefer not to answer,"Boston, MA, USA",Boston,North America,30,Yes,"25,000+ employees",Banking / Financial Services,Publicly Traded Company,Chief Information Officer,USD (U.S. Dollar),"$497,571","$153,770","$677,141","$1,328,482",,,,,,,,,,,,,,,,,,,,,,,,,Synthetic,CIO,CBRE
Chief Information Officer,CIO,Male,"Nashville, TN, USA",Nashville,North America,2,No,"25,000+ employees",Leisure / Hospitality,Publicly Traded Company,Chief Information Officer,USD (U.S. Dollar),"$426,645","$163,931","$2,339,855","$2,930,431",,,,,,,,,,,,,,,,,,,,,,,,,Synthetic,CIO,Charles Schwab
Chief Information Officer,CIO,Male,"Washington, DC, USA",DMV,North America,31,No,"25,000+ employees",Waste Management,Publicly Traded Company,Chief Financial Officer,USD (U.S. Dollar),"$426,645","$397,998","$1,242,702","$2,067,345",,,,,,,,,,,,,,,,,,,,,,,,,Synthetic,CIO,Capital One
Chief Information Officer,CIO,Female,"Salt Lake City, UT, USA",Salt Lake City,North America,14,No,"25,000+ employees",Cloud Security,Publicly Traded Company,Chief Financial Officer,USD (U.S. Dollar),"$426,645","$159,117","$677,141","$1,262,903",,,,,,,,,,,,,,,,,,,,,,,,,Synthetic,CIO,Cigna
Chief Information Officer,CIO,Female,"Los Angeles, CA, USA",Los Angeles,North America,57,No,"25,000+ employees",Healthcare,Publicly Traded Company,Chief Information Officer,USD (U.S. Dollar),"$400,000","$173,021","$1,463,346","$2,036,367",,,,,,,,,,,,,,,,,,,,,,,,,Synthetic,CIO,Wells Fargo
CIO,CIO,Male,"San Francisco, CA, USA",Bay Area,North America,3,Yes,"25,000+ employees",Education,Publicly Traded Company,Chief Information Officer,USD (U.S. Dollar),"$426,645","$61,361","$1,377,878","$1,865,884",,,,,,,,,,,,,,,,,,,,,,,,,Synthetic,CIO,Proofpoint
CIO,CIO,Female,"Charleston, SC, USA",Charleston,North America,56,Yes,"25,000+ employees",Enterprise Software,Publicly Traded Company,Chief Information Officer,USD (U.S. Dollar),"$481,388","$107,680","$2,194,265","$2,783,333",,,,,,,,,,,,,,,,,,,,,,,,,Synthetic,CIO,Fortinet
Chief Information Officer,CIO,Male,"Charlotte, NC, USA",Charlotte,North America,36,Yes,250 - 499 employees,Internet,Publicly Traded Company,CEO,USD (U.S. Dollar),"$402,634","$70,340","$1,014,288","$1,487,262",,,,,,,,,,,,,,,,,,,,,,,,,Synthetic,CIO,Okta
Chief Information Officer,CIO,Male,"Los Angeles, CA, USA",Los Angeles,North America,91,Yes,250 - 499 employees,Other,Publicly Traded Company,CEO,USD (U.S. Dollar),"$375,000","$179,831","$677,141","$1,231,972",,,,,,,,,,,,,,,,,,,,,,,,,Synthetic,CIO,Humana
Chief Information Officer,CIO,Male,"Austin, TX, USA",Austin,North America,13,Yes,250 - 499 employees,Enterprise Software,Publicly Traded Company,CEO,USD (U.S. Dollar),"$426,645","$151,255","$942,376","$1,520,276",,,,,,,,,,,,,,,,,,,,,,,,,Synthetic,CIO,Home Depot
Chief Information Officer,CIO,Male,"Miami, FL, USA",Miami,North America,84,Yes,250 - 499 employees,Broadcasting / Media,Publicly Traded Company,CEO,USD (U.S. Dollar),"$426,645","$61,361","$943,671","$1,431,677",,,,,,,,,,,,,,,,,,,,,,,,,Synthetic,CIO,Oracle
Chief Information Officer,CIO,Male,"Seattle, WA, USA",Seattle,North America,53,Yes,250 - 499 employees,Consumer Packaged Goods,Publicly Traded Company,CEO,USD (U.S. Dollar),"$426,645","$278,894","$1,186,078","$1,891,617",,,,,,,,,,,,,,,,,,,,,,,,,Synthetic,CIO,Humana
Chief Information Officer,CIO,Male,"Phoenix, AZ, USA",Phoenix,North America,26,No,250 - 499 employees,Retail,Publicly Traded Company,CEO,USD (U.S. Dollar),"$426,645","$61,361","$1,389,978","$1,877,984",,,,,,,,,,,,,,,,,,,,,,,,,Synthetic,CIO,Boeing
Chief Information Officer,CIO,Male,"Dallas, TX, USA",Dallas,North America,110,No,500 - 999 employees,Enterprise Software,Publicly Traded Company,CEO,USD (U.S. Dollar),"$400,000","$61,361","$1,838,263","$2,299,624",,,,,,,,,,,,,,,,,,,,,,,,,Synthetic,CIO,Delta Air Lines
Chief Information Officer,CIO,Male,"Chicago, IL, USA",Chicago,North America,5,No,500 - 999 employees,Enterprise Software,Publicly Traded Company,CEO,USD (U.S. Dollar),"$375,000","$142,016","$2,249,604","$2,766,620",,,,,,,,,,,,,,,,,,,,,,,,,Synthetic,CIO,Wells Fargo
Chief Information Officer,CIO,Male,"Los Angeles, CA, USA",Los Angeles,North America,45,Yes,500 - 999 employees,Banking / Financial Services,Publicly Traded Company,CEO,USD (U.S. Dollar),"$593,853","$70,340","$1,501,980","$2,166,173",,,,,,,,,,,,,,,,,,,,,,,,,Synthetic,CIO,Fidelity
Chief Information Officer,CIO,Male,"Denver, CO, USA",Denver,North America,5,No,500 - 999 employees,Education,Publicly Traded Company,CEO,USD (U.S. Dollar),"$426,645","$70,340","$690,776","$1,187,761",,,,,,,,,,,,,,,,,,,,,,,,,Synthetic,CIO,Humana
CIO,CIO,Male,"Dallas, TX, USA",Dallas,North America,2,Yes,500 - 999 employees,Banking / Financial Services,Publicly Traded Company,CEO,USD (U.S. Dollar),"$375,000","$153,875","$1,040,759","$1,569,634",,,,,,,,,,,,,,,,,,,,,,,,,Synthetic,CIO,Palo Alto Networks
CIO,CIO,Male,"New York, NY, USA",NYC Metro,North America,9,Yes,500 - 999 employees,Industrial / Manufacturing,Publicly Traded Company,CEO,USD (U.S. Dollar),"$426,645","$70,340","$1,060,724","$1,557,709",,,,,,,,,,,,,,,,,,,,,,,,,Synthetic,CIO,Snowflake
CIO,CIO,Male,Remote,Remote,North America,73,Yes,500 - 999 employees,Financial Services,Publicly Traded Company,CEO,USD (U.S. Dollar),"$375,000","$61,361","$677,141","$1,113,502",,,,,,,,,,,,,,,,,,,,,,,,,Synthetic,CIO,Datadog
Chief Information Officer,CIO,Male,"Philadelphia, PA, USA",Philadelphia,North America,5,No,"5000 - 9,999 employees",Food & Beverage,Publicly Traded Company,General Counsel / Chief Legal Officer,USD (U.S. Dollar),"$426,645","$70,340","$901,780","$1,398,765",,,,,,,,,,,,,,,,,,,,,,,,,Synthetic,CIO,PepsiCo
Chief Information Officer,CIO,Male,"Washington, DC, USA",DMV,North America,24,Yes,"5000 - 9,999 employees",Banking / Financial Services,Publicly Traded Company,COO / President,USD (U.S. Dollar),"$375,000","$61,361","$1,244,432","$1,680,793",,,,,,,,,,,,,,,,,,,,,,,,,Synthetic,CIO,Chevron
Chief Information Officer,CIO,Male,"New York, NY, USA",NYC Metro,North America,25,Yes,"5000 - 9,999 employees",Healthcare,Publicly Traded Company,General Counsel / Chief Legal Officer,USD (U.S. Dollar),"$400,000","$170,485","$990,379","$1,560,864",,,,,,,,,,,,,,,,,,,,,,,,,Synthetic,CIO,BlackRock
Chief Information Officer,CIO,Male,"New York, NY, USA",NYC Metro,North America,17,Yes,"5000 - 9,999 employees",Banking / Financial Services,Publicly Traded Company,Chief Information Officer,USD (U.S. Dollar),"$400,000","$131,754","$677,141","$1,208,895",,,,,,,,,,,,,,,,,,,,,,,,,Synthetic,CIO,UnitedHealth Group
Chief Information Officer,CIO,Male,"Boston, MA, USA",Boston,North America,31,Yes,"5000 - 9,999 employees",FinTech,Publicly Traded Company,General Counsel / Chief Legal Officer,USD (U.S. Dollar),"$400,000","$77,697","$1,017,945","$1,495,642",,,,,,,,,,,,,,,,,,,,,,,,,Synthetic,CIO,PayPal
Chief Information Officer,CIO,Male,"Seattle, WA, USA",Seattle,North America,4,No,"5000 - 9,999 employees",Cloud Security,Publicly Traded Company,Chief Technology Officer,USD (U.S. Dollar),"$426,645","$61,361","$1,380,361","$1,868,367",,,,,,,,,,,,,,,,,,,,,,,,,Synthetic,CIO,MGM Resorts
Chief Information Officer,CIO,Male,"Raleigh, NC, USA",Raleigh - Durham,North America,69,Yes,"5000 - 9,999 employees",Industrial / Manufacturing,Publicly Traded Company,Chief Technology Officer,USD (U.S. Dollar),"$400,000","$77,697","$1,044,065","$1,521,762",,,,,,,,,,,,,,,,,,,,,,,,,Synthetic,CIO,Merck
Chief Information Officer,CIO,Female,"Kansas City, MO, USA",Kansas City,North America,38,Yes,"5000 - 9,999 employees",Enterprise Software,Publicly Traded Company,Chief Financial Officer,USD (U.S. Dollar),"$400,000","$77,697","$1,435,385","$1,913,082",,,,,,,,,,,,,,,,,,,,,,,,,Synthetic,CIO,ConocoPhillips
Chief Information Officer,CIO,Male,"Charlotte, NC, USA",Charlotte,North America,5,Yes,"5000 - 9,999 employees",Consumer Packaged Goods,Publicly Traded Company,Chief Information Officer,USD (U.S. Dollar),"$400,000","$61,361","$677,141","$1,138,502",,,,,,,,,,,,,,,,,,,,,,,,,Synthetic,CIO,Zscaler
Chief Information Officer,CIO,Male,"Minneapolis, MN, USA",Minneapolis,North America,58,Yes,"5000 - 9,999 employees",Government,Publicly Traded Company,Chief Information Officer,USD (U.S. Dollar),"$509,163",$0,"$1,688,067","$2,197,230",,,,,,,,,,,,,,,,,,,,,,,,,Synthetic,CIO,American Tower
Chief Information Officer,CIO,Male,"San Antonio, USA",San Antonio,North America,35,Yes,"5000 - 9,999 employees",Retail,Publicly Traded Company,Chief Information Officer,USD (U.S. Dollar),"$450,000",$0,"$999,816","$1,449,816",,,,,,,,,,,,,,,,,,,,,,,,,Synthetic,CIO,Pfizer
Chief Information Officer,CIO,Female,"Houston, TX, USA",Houston,North America,76,Yes,"5000 - 9,999 employees",Retail,Publicly Traded Company,Chief Technology Officer,USD (U.S. Dollar),"$426,645",$0,"$1,307,903","$1,734,548",,,,,,,,,,,,,,,,,,,,,,,,,Synthetic,CIO,Nike
Chief Information Officer,CIO,Male,"Columbus, OH, USA",Columbus,North America,43,Yes,"5000 - 9,999 employees",Entertainment,Publicly Traded Company,General Counsel / Chief Legal Officer,USD (U.S. Dollar),"$450,000",$0,"$1,335,778","$1,785,778",,,,,,,,,,,,,,,,,,,,,,,,,Synthetic,CIO,Humana
CIO,CIO,Male,Austin,Austin,North America,55,Yes,"5000 - 9,999 employees",Enterprise Software,Publicly Traded Company,COO / President,USD (U.S. Dollar),"$400,000","$133,564","$1,641,612","$2,175,176",,,,,,,,,,,,,,,,,,,,,,,,,Actual,CIO,
